364994639,合同会社森鉱業,千葉県柏市柏3-7-5,090-0143-7483
1683446724,有限会社井上運輸,千葉県柏市柏3-7-5,070-3121-9804
2316222488,清水運輸合同会社,千葉県柏市柏3-7-5,080-0493-6653
8986353481,村上水産株式会社,千葉県柏市柏3-7-5,89-3135-0305
9446412277,三浦印刷合同会社,千葉県柏市柏3-7-5,090-5969-0515
5218484323,坂本電気有限会社,三重県津市大門2-4-3,070-1918-1828
5649827836,鈴木通信合同会社,三重県津市大門2-4-3,090-2989-4062
6010521940,加藤建設合同会社,三重県津市大門2-4-3,090-6666-1707
6402059279,合同会社小川鉱業,三重県津市大門2-4-3,38-4526-9694
269754673,林水産合同会社,広島県呉市中央2-9-1,090-5245-7871
4336127859,株式会社長谷川情報,広島県呉市中央2-9-1,080-9093-0437
5027311960,坂本通信有限会社,広島県呉市中央2-9-1,090-2985-8567
9318753573,有限会社山口運輸,広島県呉市中央2-9-1,080-5034-4694
420514789,株式会社西村建設,東京都北区赤羽2-14-1,090-1239-7283
1458198451,後藤農林合同会社,東京都北区赤羽2-14-1,54-6617-6620
1752536389,株式会社中村農林,東京都北区赤羽2-14-1,070-5854-2332
4499877198,合同会社高橋建設,東京都北区赤羽2-14-1,17-8159-6983
5509055260,有限会社佐藤食品,東京都北区赤羽2-14-1,090-2007-4946
1732553940,株式会社石川鉱業,京都府宇治市宇治1-3-6,090-8455-9396
2654424954,高橋鉱業合同会社,京都府宇治市宇治1-3-6,080-9233-4511
4903457537,中村保険株式会社,京都府宇治市宇治1-3-6,35-4378-8260
6702529931,伊藤銀行合同会社,京都府宇治市宇治1-3-6,080-1611-7768
8051829827,株式会社遠藤保険,京都府宇治市宇治1-3-6,090-8990-0277
494287462,山崎運輸株式会社,佐賀県佐賀市中央1-2-3,070-0771-1991
7661364201,合同会社伊藤保険,佐賀県佐賀市中央1-2-3,090-2008-9434
7768773991,田中農林株式会社,佐賀県佐賀市中央1-2-3,070-2232-8837
7982597239,株式会社長谷川ガス,佐賀県佐賀市中央1-2-3,080-6065-0191
8795922823,合同会社村上水産,佐賀県佐賀市中央1-2-3,090-7768-6342
2020939193,有限会社坂本情報,千葉県市川市八幡2-4-4,080-7236-2669
5103449651,山口水産有限会社,千葉県市川市八幡2-4-4,090-0720-8115
5320115677,高橋運輸有限会社,千葉県市川市八幡2-4-4,090-2585-9177
6352298473,有限会社藤原食品,千葉県市川市八幡2-4-4,090-3766-0144
8441870024,高橋水産株式会社,千葉県市川市八幡2-4-4,090-4096-6177
1432410914,合同会社田中保険,千葉県松戸市松戸2-6-1,090-3400-1276
6614788357,山本農林株式会社,千葉県松戸市松戸2-6-1,18-2091-6601
7218146534,有限会社井上情報,千葉県松戸市松戸2-6-1,080-6682-1719
8963334018,佐藤農林株式会社,千葉県松戸市松戸2-6-1,070-9740-0564
1087974350,有限会社小林保険,千葉県船橋市本町4-2-3,070-6720-0784
3494084172,合同会社中村食品,千葉県船橋市本町4-2-3,070-8669-2552
5461974809,坂本農林株式会社,千葉県船橋市本町4-2-3,070-5626-0856
6621147142,佐藤運輸合同会社,千葉県船橋市本町4-2-3,080-1290-1487
7049778448,合同会社坂本通信,千葉県船橋市本町4-2-3,090-3486-4010
468034755,株式会社山田印刷,埼玉県川口市幸町3-8-7,080-7639-2836
4924077461,有限会社三浦農林,埼玉県川口市幸町3-8-7,080-5856-6464
7543865915,前田建設有限会社,埼玉県川口市幸町3-8-7,080-8919-8271
8473523940,山本銀行合同会社,埼玉県川口市幸町3-8-7,090-2480-9624
3847761430,藤井通信合同会社,埼玉県熊谷市桜町1-5-3,090-9582-8190
4879617459,斎藤銀行株式会社,埼玉県熊谷市桜町1-5-3,17-6231-3361
5717963562,林ガス株式会社,埼玉県熊谷市桜町1-5-3,080-5512-5380
5993434996,後藤印刷合同会社,埼玉県熊谷市桜町1-5-3,49-3289-8027
6540301973,田中銀行有限会社,埼玉県熊谷市桜町1-5-3,91-4307-5366
817804383,合同会社吉田電気,大分県別府市中央2-4-5,68-9041-7282
4333183840,合同会社田中保険,大分県別府市中央2-4-5,070-2589-6321
7757570742,有限会社石井水産,大分県別府市中央2-4-5,070-5224-4133
9387672549,鈴木通信有限会社,大分県別府市中央2-4-5,60-5779-8066
521637779,株式会社高橋電気,宮崎県宮崎市中央2-5-3,01-6934-2929
1774010584,株式会社鈴木ガス,宮崎県宮崎市中央2-5-3,94-7258-7844
2367665472,田中通信合同会社,宮崎県宮崎市中央2-5-3,090-0445-6690
6381725407,清水食品合同会社,宮崎県宮崎市中央2-5-3,070-0487-9788
2381183483,有限会社森電気,宮崎県延岡市中央3-4-5,26-8080-8157
3311402472,有限会社小林食品,宮崎県延岡市中央3-4-5,090-3974-2925
5319629373,株式会社小林鉱業,宮崎県延岡市中央3-4-5,070-3613-3254
7325222092,清水農林株式会社,宮崎県延岡市中央3-4-5,090-8268-9996
8912264204,有限会社山崎ガス,宮崎県延岡市中央3-4-5,71-8051-3717
1283298067,合同会社藤田水産,富山県富山市桜町1-2-5,18-4285-9693
3346505855,合同会社松本運輸,富山県富山市桜町1-2-5,090-2753-6749
3500557310,株式会社高橋建設,富山県富山市桜町1-2-5,080-1259-0203
5002078344,有限会社渡辺保険,富山県富山市桜町1-2-5,93-3554-8640
7492970833,小林情報合同会社,富山県富山市桜町1-2-5,080-9586-8419
422701550,石川保険株式会社,山口県山口市中央1-5-3,15-7276-8297
2722583581,山本農林株式会社,山口県山口市中央1-5-3,090-8962-9805
7044354825,鈴木水産有限会社,山口県山口市中央1-5-3,19-9829-0755
2420671425,有限会社井上鉱業,山形県山形市本町6-5-4,070-3866-6754
2934040683,藤井鉱業株式会社,山形県山形市本町6-5-4,070-2939-1304
5041646576,小林運輸株式会社,山形県山形市本町6-5-4,070-3129-2087
5899673770,前田保険合同会社,山形県山形市本町6-5-4,070-9422-6865
1557724698,井上運輸有限会社,山梨県甲府市中央1-3-6,90-8726-1760
2238756255,山本水産合同会社,山梨県甲府市中央1-3-6,090-0371-9905
3025824435,太田鉱業合同会社,山梨県甲府市中央1-3-6,080-4746-6535
8229857657,合同会社高橋鉱業,山梨県甲府市中央1-3-6,090-7992-7079
8620489334,合同会社佐藤運輸,山梨県甲府市中央1-3-6,64-7213-0742
293864877,中川銀行株式会社,山梨県韮崎市中央1-2-3,080-2318-2971
1206596621,松本保険合同会社,山梨県韮崎市中央1-2-3,88-0925-5021
1647439475,前田印刷有限会社,山梨県韮崎市中央1-2-3,75-6770-0284
4156392601,福田水産株式会社,山梨県韮崎市中央1-2-3,080-4224-1246
7018287603,合同会社橋本銀行,山梨県韮崎市中央1-2-3,070-9723-6024
1950049698,有限会社後藤運輸,岩手県盛岡市本町4-2-6,63-6580-7412
1962750929,有限会社福田印刷,岩手県盛岡市本町4-2-6,080-9880-8583
5669078244,合同会社小林情報,岩手県盛岡市本町4-2-6,070-9543-1735
7084166930,有限会社山口銀行,岩手県盛岡市本町4-2-6,070-3882-0908
8621419224,株式会社森保険,岩手県盛岡市本町4-2-6,080-2473-1261
4185009345,橋本銀行合同会社,岩手県釜石市中央2-4-5,090-5134-4486
6809113110,石井電気合同会社,岩手県釜石市中央2-4-5,080-6949-6843
8983668939,合同会社山崎水産,岩手県釜石市中央2-4-5,080-3693-6268
9189245417,合同会社中島情報,岩手県釜石市中央2-4-5,080-4808-8062
2412365931,藤田銀行有限会社,島根県出雲市中央2-5-3,32-2836-0849
2528924461,山田通信合同会社,島根県出雲市中央2-5-3,070-7665-3446
4648960780,株式会社加藤食品,島根県出雲市中央2-5-3,31-1722-6414
4837082260,合同会社太田ガス,島根県出雲市中央2-5-3,080-1042-7523
9269297286,福田印刷合同会社,島根県出雲市中央2-5-3,080-3873-5186
732578761,斎藤保険合同会社,徳島県徳島市幸町1-2-4,080-2896-3406
2131098613,中島建設有限会社,徳島県徳島市幸町1-2-4,090-9932-3123
4239945630,山下通信合同会社,徳島県徳島市幸町1-2-4,73-7939-5795
6100408092,山田電気有限会社,徳島県徳島市幸町1-2-4,070-9042-1776
7758809005,岡田ガス株式会社,徳島県徳島市幸町1-2-4,070-2741-4857
2072183247,井上ガス有限会社,愛媛県今治市旭町3-4-5,080-5502-7275
2108606793,有限会社佐藤農林,愛媛県今治市旭町3-4-5,090-2717-3962
2380304322,株式会社中村鉱業,愛媛県今治市旭町3-4-5,28-0512-9276
3039019230,藤井情報有限会社,愛媛県今治市旭町3-4-5,23-9209-0855
9589205528,合同会社田中運輸,愛媛県今治市旭町3-4-5,070-5292-4075
2394039673,有限会社高橋ガス,愛媛県松山市中央1-2-3,19-9758-1724
2625764422,有限会社西村農林,愛媛県松山市中央1-2-3,070-3052-3124
5917472535,有限会社青木ガス,愛媛県松山市中央1-2-3,090-6408-5858
7544878538,株式会社中村印刷,愛媛県松山市中央1-2-3,080-6980-1426
8546021691,合同会社村上保険,愛媛県松山市中央1-2-3,090-9900-9378
3110335359,西村通信合同会社,東京都中央区銀座5-4-3,080-4091-8580
3507221724,中村保険合同会社,東京都中央区銀座5-4-3,090-3759-9004
3955816119,西村農林有限会社,東京都中央区銀座5-4-3,080-6540-1659
6163022531,株式会社森電気,東京都中央区銀座5-4-3,12-5590-4610
8989974968,山崎銀行有限会社,東京都中央区銀座5-4-3,080-6656-8629
3964570811,株式会社小林通信,東京都文京区本郷4-7-5,080-4219-5973
5777473414,有限会社森通信,東京都文京区本郷4-7-5,080-7281-2916
5898796145,鈴木建設株式会社,東京都文京区本郷4-7-5,070-8514-0369
6453081889,石井保険株式会社,東京都文京区本郷4-7-5,080-8756-7981
7943294720,小林銀行株式会社,東京都文京区本郷4-7-5,090-9465-1909
1468055063,高橋農林合同会社,東京都江東区青海2-7-4,080-8813-7702
2474420092,高橋ガス株式会社,東京都江東区青海2-7-4,15-2732-3008
5964188417,森銀行合同会社,東京都江東区青海2-7-4,070-1447-3404
9078859746,中村銀行合同会社,東京都江東区青海2-7-4,080-6253-6667
9596414118,株式会社高橋食品,東京都江東区青海2-7-4,070-4499-0803
4031086659,渡辺保険株式会社,東京都港区芝公園4-2-8,080-3569-3929
5138636031,合同会社鈴木水産,東京都港区芝公園4-2-8,090-7865-4362
5496933442,株式会社斎藤通信,東京都港区芝公園4-2-8,070-4290-0185
5522961108,有限会社山本水産,東京都港区芝公園4-2-8,090-8826-9131
5932342612,有限会社藤原鉱業,東京都港区芝公園4-2-8,090-4134-3275
1548781344,有限会社遠藤水産,東京都足立区千住3-5-8,090-0432-6118
3300636585,加藤運輸合同会社,東京都足立区千住3-5-8,070-7850-9025
6952026739,株式会社中村鉱業,東京都足立区千住3-5-8,080-0259-3645
7730507757,株式会社高橋銀行,東京都足立区千住3-5-8,090-9171-3578
9555629723,高橋ガス合同会社,東京都足立区千住3-5-8,60-9314-1818
4022964382,有限会社斉藤鉱業,滋賀県大津市中央1-2-5,50-3334-9114
4282775714,合同会社吉田鉱業,滋賀県大津市中央1-2-5,070-4070-3491
4305985001,村上通信合同会社,滋賀県大津市中央1-2-5,82-9310-2707
4315720088,株式会社山下運輸,滋賀県大津市中央1-2-5,080-0160-4986
7835431320,加藤銀行合同会社,滋賀県大津市中央1-2-5,080-6890-4723
2560761628,株式会社高橋通信,熊本県八代市旭町1-2-3,090-7576-9453
3289233844,合同会社佐々木情報,熊本県八代市旭町1-2-3,090-7898-2604
6337225482,株式会社池田食品,熊本県八代市旭町1-2-3,53-4430-0910
4237588145,山崎水産有限会社,石川県金沢市本町3-4-1,74-9690-3337
5195400294,村上農林有限会社,石川県金沢市本町3-4-1,090-3095-4497
7075122626,有限会社鈴木運輸,石川県金沢市本町3-4-1,070-4134-4760
9717158492,株式会社阿部電気,石川県金沢市本町3-4-1,56-7667-0806
854316681,前田情報合同会社,福井県福井市中央1-2-4,070-4617-3574
1468848245,有限会社山本建設,福井県福井市中央1-2-4,090-7870-0505
2941417062,株式会社山本銀行,福井県福井市中央1-2-4,070-5376-6608
3262396395,有限会社小林情報,福井県福井市中央1-2-4,070-4131-9359
7569491238,中村鉱業株式会社,福井県福井市中央1-2-4,070-9269-2124
234359689,合同会社近藤ガス,福島県郡山市中央2-4-6,090-0420-5986
647812758,池田銀行株式会社,福島県郡山市中央2-4-6,23-9726-5273
5018142572,山本食品合同会社,福島県郡山市中央2-4-6,070-0480-2835
7111312076,高橋印刷有限会社,福島県郡山市中央2-4-6,080-4553-3756
235286733,有限会社太田保険,秋田県秋田市旭南3-5-3,080-9089-2613
252860896,株式会社石井農林,秋田県秋田市旭南3-5-3,080-7560-0223
2895250612,林印刷有限会社,秋田県秋田市旭南3-5-3,080-2812-3123
3602080228,斎藤通信合同会社,秋田県秋田市旭南3-5-3,31-7303-3249
8136780852,有限会社佐藤水産,秋田県秋田市旭南3-5-3,080-1875-1097
4665657,鈴木通信株式会社,長崎県長崎市旭町3-2-4,090-3231-6778
3085320828,有限会社鈴木水産,長崎県長崎市旭町3-2-4,070-7330-5597
9351013269,合同会社長谷川農林,長崎県長崎市旭町3-2-4,08-8948-0186
9623830105,有限会社藤田銀行,長崎県長崎市旭町3-2-4,090-7292-7318
386903346,山本電気株式会社,長野県長野市中央1-2-3,080-0569-8152
1263732197,池田食品合同会社,長野県長野市中央1-2-3,090-1528-5725
5959501845,藤原水産株式会社,長野県長野市中央1-2-3,11-9642-1522
6772180882,合同会社加藤運輸,長野県長野市中央1-2-3,44-2275-8548
692044390,合同会社高橋鉱業,青森県青森市中央1-2-5,090-8562-5728
2776011793,後藤水産合同会社,青森県青森市中央1-2-5,070-6776-2550
3203205881,株式会社吉田銀行,青森県青森市中央1-2-5,080-4675-4182
5580427322,青木農林有限会社,青森県青森市中央1-2-5,76-4979-7416
1033921654,佐藤食品有限会社,香川県坂出市中央1-2-3,080-5937-4403
1113457241,高橋保険有限会社,香川県坂出市中央1-2-3,52-4062-2155
2948284698,株式会社岡田食品,香川県坂出市中央1-2-3,070-9628-9365
3176478919,合同会社西村食品,香川県坂出市中央1-2-3,080-7274-2209
4979458346,鈴木建設株式会社,香川県坂出市中央1-2-3,070-6477-2512
5915072151,遠藤銀行株式会社,鳥取県鳥取市本町3-5-4,080-6293-4497
6759781156,佐々木電気合同会社,鳥取県鳥取市本町3-5-4,070-2814-0693
8065458220,吉田保険有限会社,鳥取県鳥取市本町3-5-4,080-1648-7120
9645301041,岡本水産合同会社,鳥取県鳥取市本町3-5-4,01-6459-7794
383539822,伊藤食品有限会社,千葉県佐倉市栄町1-10-2,070-7026-9524
6185710340,長谷川運輸合同会社,千葉県佐倉市栄町1-10-2,070-8018-1030
8760623742,有限会社阿部通信,千葉県佐倉市栄町1-10-2,090-6438-0299
8919491730,合同会社林電気,千葉県佐倉市栄町1-10-2,070-5701-8409
9950916280,山下通信合同会社,千葉県佐倉市栄町1-10-2,39-9205-2229
312606333,有限会社田中印刷,東京都中野区中野2-25-6,080-3030-3346
430693397,後藤保険合同会社,東京都中野区中野2-25-6,080-9933-7970
1445662585,有限会社鈴木印刷,東京都中野区中野2-25-6,070-5851-7432
7665986525,佐々木運輸有限会社,東京都中野区中野2-25-6,070-9131-1178
648667392,合同会社山田水産,東京都渋谷区神南1-10-2,070-6901-4971
1854895521,岡田情報株式会社,東京都渋谷区神南1-10-2,070-2971-0248
4284391408,鈴木水産株式会社,東京都渋谷区神南1-10-2,14-1509-3771
9043632686,有限会社遠藤印刷,東京都渋谷区神南1-10-2,66-7080-8509
9047198105,合同会社山本農林,東京都渋谷区神南1-10-2,070-4090-7426
3096932037,斎藤印刷株式会社,東京都葛飾区亀有3-7-10,090-2076-3271
5947530309,松本情報株式会社,東京都葛飾区亀有3-7-10,090-0422-6931
6910439839,株式会社渡辺鉱業,東京都葛飾区亀有3-7-10,070-6093-0685
7626138802,坂本水産有限会社,東京都葛飾区亀有3-7-10,090-7475-8339
8661772834,松本食品株式会社,東京都葛飾区亀有3-7-10,070-1595-9194
6313226025,株式会社山本食品,神奈川県平塚市宝町4-2,090-1454-9836
6481631841,株式会社佐藤銀行,神奈川県平塚市宝町4-2,080-3428-9311
8741819989,伊藤建設有限会社,神奈川県平塚市宝町4-2,090-4683-4146
9755203786,遠藤水産有限会社,神奈川県平塚市宝町4-2,080-4972-4399
9965667403,株式会社高橋保険,神奈川県平塚市宝町4-2,090-5168-7409
6139882707,合同会社伊藤食品,兵庫県尼崎市昭和通2-9-5,65-6124-8156
7366710477,株式会社鈴木水産,兵庫県尼崎市昭和通2-9-5,090-3496-7827
9030554118,有限会社鈴木鉱業,兵庫県尼崎市昭和通2-9-5,37-1834-4049
9356877531,佐藤通信有限会社,兵庫県尼崎市昭和通2-9-5,080-6312-3034
9749477630,有限会社村上農林,兵庫県尼崎市昭和通2-9-5,59-9949-7320
1349641712,合同会社遠藤情報,兵庫県西宮市甲子園9-7-2,080-4403-3041
2433965438,中村ガス有限会社,兵庫県西宮市甲子園9-7-2,070-6470-9006
8347720574,有限会社田中保険,兵庫県西宮市甲子園9-7-2,090-5158-8863
5737000272,有限会社田中銀行,北海道小樽市潮見台3-2-4,47-1589-0429
6602474923,合同会社松田水産,北海道小樽市潮見台3-2-4,090-9833-9914
8256438734,株式会社小林鉱業,北海道小樽市潮見台3-2-4,03-1089-0714
9147048283,松本運輸有限会社,北海道小樽市潮見台3-2-4,070-1935-8895
261903104,小林電気株式会社,北海道旭川市一条通2-3-4,69-9842-6732
486068287,有限会社加藤ガス,北海道旭川市一条通2-3-4,080-0865-6756
6664045502,阿部鉱業有限会社,北海道旭川市一条通2-3-4,090-4123-3613
8650425740,小川通信合同会社,北海道旭川市一条通2-3-4,02-6676-5272
8655852024,有限会社遠藤鉱業,北海道旭川市一条通2-3-4,090-6258-8967
3564751926,前田情報合同会社,埼玉県川越市脇田町2-3-6,070-9350-0115
3962447893,山口運輸合同会社,埼玉県川越市脇田町2-3-6,070-1390-4383
6649263948,鈴木情報有限会社,埼玉県川越市脇田町2-3-6,48-6941-5594
6658867789,橋本食品有限会社,埼玉県川越市脇田町2-3-6,080-5586-2778
1343100352,有限会社中川ガス,埼玉県所沢市日吉町8-3-6,070-9242-8757
2676546979,佐藤建設株式会社,埼玉県所沢市日吉町8-3-6,080-6928-5507
4531313426,株式会社佐藤鉱業,埼玉県所沢市日吉町8-3-6,080-9594-7372
5588417397,鈴木銀行有限会社,埼玉県所沢市日吉町8-3-6,090-3012-3984
1095286033,山田鉱業株式会社,埼玉県春日部市中央1-2-8,070-4363-7189
1931000173,株式会社佐藤電気,埼玉県春日部市中央1-2-8,070-8352-1189
4578929439,石川建設株式会社,埼玉県春日部市中央1-2-8,090-8424-9598
4838636972,株式会社井上銀行,埼玉県春日部市中央1-2-8,070-5120-8005
5863779898,有限会社中村運輸,埼玉県春日部市中央1-2-8,070-5398-3912
162720486,株式会社田中食品,埼玉県草加市氷川町3-5-4,090-6862-2307
2702653209,渡辺運輸合同会社,埼玉県草加市氷川町3-5-4,080-2078-1137
5727637971,中島水産有限会社,埼玉県草加市氷川町3-5-4,080-2310-5927
9911117251,吉田ガス合同会社,埼玉県草加市氷川町3-5-4,070-4637-2162
1720484983,有限会社井上農林,大分県大分市中央町3-4-5,91-7913-8601
4533076460,有限会社高橋保険,大分県大分市中央町3-4-5,91-7162-0429
8547119184,木村水産合同会社,大分県大分市中央町3-4-5,090-1758-2313
8761206076,小林保険株式会社,大分県大分市中央町3-4-5,070-2172-2145
9700862250,清水鉱業合同会社,大分県大分市中央町3-4-5,090-5595-0263
664494972,有限会社中村鉱業,奈良県奈良市大宮町3-5-1,02-9914-0688
4883933127,合同会社中川鉱業,奈良県奈良市大宮町3-5-1,090-4773-2449
6752880042,岡田情報株式会社,奈良県奈良市大宮町3-5-1,090-6434-7128
7991678061,株式会社田中銀行,奈良県奈良市大宮町3-5-1,070-2041-7929
8886101513,佐藤電気有限会社,奈良県奈良市大宮町3-5-1,070-5682-9962
2739951076,株式会社加藤銀行,富山県高岡市末広町3-4-5,070-1471-6560
4067594934,有限会社福田食品,富山県高岡市末広町3-4-5,070-9467-2324
5822870815,合同会社山本鉱業,富山県高岡市末広町3-4-5,070-1867-6610
6788606640,小林運輸合同会社,富山県高岡市末広町3-4-5,070-3178-0782
6892184524,田中電気有限会社,富山県高岡市末広町3-4-5,090-6853-6649
2119908041,吉田保険有限会社,岐阜県岐阜市柳瀬通3-5-3,080-5862-6736
2652992543,鈴木農林有限会社,岐阜県岐阜市柳瀬通3-5-3,080-0600-0258
5466597005,有限会社鈴木建設,岐阜県岐阜市柳瀬通3-5-3,090-9266-1085
7672650595,斎藤情報株式会社,岐阜県岐阜市柳瀬通3-5-3,080-6546-9681
1174793230,合同会社藤田ガス,岐阜県高山市神田町2-5-4,070-9722-8582
1328736852,合同会社渡辺運輸,岐阜県高山市神田町2-5-4,080-7461-2157
3771526597,鈴木農林合同会社,岐阜県高山市神田町2-5-4,77-1215-1342
5955247915,山下運輸合同会社,岐阜県高山市神田町2-5-4,070-9971-7911
7185384294,合同会社山本食品,岐阜県高山市神田町2-5-4,090-9044-3183
2426665919,有限会社池田農林,島根県松江市母衣町1-2-3,070-1570-9085
7703676933,渡辺ガス合同会社,島根県松江市母衣町1-2-3,080-9792-5511
7869140487,有限会社鈴木運輸,島根県松江市母衣町1-2-3,070-8961-6423
8702693937,佐藤食品合同会社,島根県松江市母衣町1-2-3,10-7256-3669
9357238580,合同会社山本運輸,島根県松江市母衣町1-2-3,080-1072-0113
824656200,株式会社鈴木保険,広島県尾道市久保町1-9-5,070-0979-4122
1845919895,有限会社小林保険,広島県尾道市久保町1-9-5,090-1200-3934
2149484176,中川ガス株式会社,広島県尾道市久保町1-9-5,090-2711-4773
6546035453,坂本鉱業有限会社,広島県尾道市久保町1-9-5,88-4070-9465
1228388623,合同会社山口銀行,広島県広島市南区霞3-5-7,11-2312-6163
2612617557,株式会社渡辺運輸,広島県広島市南区霞3-5-7,080-2180-3966
2783290795,合同会社石川鉱業,広島県広島市南区霞3-5-7,070-1328-2339
8316609031,有限会社山本電気,広島県広島市南区霞3-5-7,090-5684-4679
9540299593,株式会社渡辺通信,広島県広島市南区霞3-5-7,080-5105-0537
2142452709,合同会社福田通信,広島県福山市東桜町3-2-6,080-6785-0898
3243697409,阿部銀行株式会社,広島県福山市東桜町3-2-6,59-0017-0679
6922959795,田中鉱業株式会社,広島県福山市東桜町3-2-6,070-9807-7046
7299146480,高橋通信合同会社,広島県福山市東桜町3-2-6,40-3344-5056
471997674,有限会社山本鉱業,東京都台東区花川戸2-6-2,080-0770-4611
7449766493,佐藤建設合同会社,東京都台東区花川戸2-6-2,68-6679-8994
8371391276,株式会社中村電気,東京都台東区花川戸2-6-2,090-2669-3008
9098053970,合同会社山下農林,東京都台東区花川戸2-6-2,070-7884-7951
231178500,松本農林株式会社,東京都新宿区西新宿3-1-1,070-0539-1287
4910110341,株式会社佐々木運輸,東京都新宿区西新宿3-1-1,090-2069-6942
5344160868,高橋情報合同会社,東京都新宿区西新宿3-1-1,070-2841-3908
5958908766,森水産合同会社,東京都新宿区西新宿3-1-1,080-8974-3251
9362716083,合同会社山田銀行,東京都新宿区西新宿3-1-1,070-8953-0120
1065972034,斎藤保険合同会社,栃木県宇都宮市本町3-6-4,090-7219-7054
3865030023,岡田食品合同会社,栃木県宇都宮市本町3-6-4,080-2426-8774
4353951329,有限会社山田水産,栃木県宇都宮市本町3-6-4,070-7945-4918
7143967196,小林建設合同会社,栃木県宇都宮市本町3-6-4,070-3723-6831
7183421297,松本農林有限会社,栃木県宇都宮市本町3-6-4,32-9045-7598
952396600,中村運輸有限会社,沖縄県那覇市久茂地2-4-5,070-8902-8515
4510938155,中村ガス有限会社,沖縄県那覇市久茂地2-4-5,090-6317-5207
6419751815,村上印刷合同会社,沖縄県那覇市久茂地2-4-5,080-3746-9833
6944675764,合同会社鈴木食品,沖縄県那覇市久茂地2-4-5,78-7112-1663
7650676663,株式会社鈴木保険,沖縄県那覇市久茂地2-4-5,18-1335-9561
2791027186,石井情報有限会社,神奈川県厚木市中町2-2-8,080-9431-9165
4683893864,山口運輸株式会社,神奈川県厚木市中町2-2-8,60-1467-2384
7651205525,藤井情報有限会社,神奈川県厚木市中町2-2-8,090-9274-1168
7846861559,鈴木運輸株式会社,神奈川県厚木市中町2-2-8,62-0918-4357
8085484017,有限会社中村運輸,神奈川県厚木市中町2-2-8,090-1283-3372
627276995,有限会社藤井ガス,神奈川県藤沢市藤沢3-3-5,080-5984-8840
3895020135,高橋農林合同会社,神奈川県藤沢市藤沢3-3-5,080-5412-0122
5364252503,伊藤水産株式会社,神奈川県藤沢市藤沢3-3-5,080-8866-1680
7733575600,合同会社高橋農林,神奈川県藤沢市藤沢3-3-5,070-9117-9112
1266622851,渡辺農林株式会社,福井県敦賀市鉄輪町1-2-3,28-9509-0591
2115806625,株式会社坂本鉱業,福井県敦賀市鉄輪町1-2-3,090-2045-6504
4586320975,山口印刷株式会社,福井県敦賀市鉄輪町1-2-3,54-0254-7292
7596386996,林銀行合同会社,福井県敦賀市鉄輪町1-2-3,080-4365-8585
1020395327,西村印刷株式会社,福岡県飯塚市新飯塚2-4-6,080-2420-4482
1578662692,木村保険有限会社,福岡県飯塚市新飯塚2-4-6,65-3269-0973
5651020291,山口水産合同会社,福岡県飯塚市新飯塚2-4-6,080-2355-2165
5817280229,鈴木電気有限会社,福岡県飯塚市新飯塚2-4-6,080-8630-4029
474439845,株式会社村上鉱業,秋田県大館市御成町1-2-3,49-9564-1220
3558302256,佐々木通信合同会社,秋田県大館市御成町1-2-3,090-9261-7647
5921203386,株式会社山田保険,秋田県大館市御成町1-2-3,070-0727-2081
2392080953,近藤保険株式会社,群馬県前橋市大手町2-4-6,090-8909-3225
2813285701,株式会社中川保険,群馬県前橋市大手町2-4-6,080-9438-0403
4227828349,株式会社高橋電気,群馬県前橋市大手町2-4-6,080-0616-5812
5350369667,渡辺ガス合同会社,群馬県前橋市大手町2-4-6,40-7232-4728
6895255573,合同会社鈴木運輸,群馬県前橋市大手町2-4-6,070-7698-6407
455028401,有限会社伊藤銀行,茨城県水戸市三の丸1-5-3,080-0293-9087
7325785916,株式会社鈴木銀行,茨城県水戸市三の丸1-5-3,090-6012-5625
8991312028,山口水産有限会社,茨城県水戸市三の丸1-5-3,12-1241-3936
1099247629,伊藤銀行株式会社,香川県高松市中央町1-3-4,070-3854-4577
4419627962,森保険有限会社,香川県高松市中央町1-3-4,080-9551-7208
5880115912,中村水産合同会社,香川県高松市中央町1-3-4,080-2302-3467
7257484586,山田銀行有限会社,香川県高松市中央町1-3-4,080-9834-3018
9478353924,三浦印刷株式会社,香川県高松市中央町1-3-4,090-6342-7775
45336904,有限会社山本情報,高知県高知市中央町1-2-5,080-4150-2745
1314754322,株式会社山本食品,高知県高知市中央町1-2-5,080-2466-5136
1326569692,有限会社太田ガス,高知県高知市中央町1-2-5,68-7141-3493
3882343658,有限会社林鉱業,高知県高知市中央町1-2-5,60-5230-4588
730074215,合同会社遠藤通信,鹿児島県霧島市中央1-2-3,090-3946-7662
948540266,有限会社高橋銀行,鹿児島県霧島市中央1-2-3,080-2760-7598
1391874847,村上食品合同会社,鹿児島県霧島市中央1-2-3,15-7173-2030
7291250562,合同会社橋本通信,鹿児島県霧島市中央1-2-3,070-2547-6022
9830237550,株式会社青木建設,鹿児島県霧島市中央1-2-3,080-3029-2764
2412273600,伊藤農林有限会社,埼玉県越谷市弥生町1-11-2,070-5573-8573
3955342162,合同会社中村通信,埼玉県越谷市弥生町1-11-2,070-3678-8127
5128695961,有限会社田中水産,埼玉県越谷市弥生町1-11-2,080-8821-7648
6142085555,株式会社森電気,埼玉県越谷市弥生町1-11-2,090-0702-6086
3482238042,佐藤銀行有限会社,東京都墨田区江東橋4-25-7,080-7881-4761
6533138437,佐々木ガス合同会社,東京都墨田区江東橋4-25-7,080-3589-5138
7069476645,伊藤農林有限会社,東京都墨田区江東橋4-25-7,80-6867-1773
9300919890,佐藤印刷合同会社,東京都墨田区江東橋4-25-7,090-7604-4090
9496989724,合同会社山口農林,東京都墨田区江東橋4-25-7,090-2965-9234
3906542112,中川保険株式会社,東京都練馬区豊玉北5-6-11,59-9801-1100
4913767020,三浦水産合同会社,東京都練馬区豊玉北5-6-11,090-5307-6248
8354542654,有限会社鈴木食品,東京都練馬区豊玉北5-6-11,96-4546-5535
9000434694,合同会社長谷川農林,東京都練馬区豊玉北5-6-11,62-7768-9627
9788257932,伊藤食品有限会社,東京都練馬区豊玉北5-6-11,080-2543-1074
1529125930,株式会社西村運輸,東京都豊島区南池袋2-15-6,080-0064-2569
4971034978,山下保険合同会社,東京都豊島区南池袋2-15-6,090-4857-1422
8957813353,長谷川保険合同会社,東京都豊島区南池袋2-15-6,090-7683-2102
2559721644,石井鉱業株式会社,京都府京都市南区唐橋3-7-6,070-5551-6517
6872873371,株式会社佐藤鉱業,京都府京都市南区唐橋3-7-6,57-0132-9022
8451577335,有限会社伊藤建設,京都府京都市南区唐橋3-7-6,070-9241-1505
8540577974,藤田電気合同会社,京都府京都市南区唐橋3-7-6,63-8821-4584
1099184899,合同会社太田通信,兵庫県明石市大久保町7-3-4,080-1244-1290
3877520294,加藤水産有限会社,兵庫県明石市大久保町7-3-4,080-7520-8854
5566372886,佐藤鉱業株式会社,兵庫県明石市大久保町7-3-4,95-4132-9715
6488943393,林通信有限会社,兵庫県明石市大久保町7-3-4,080-7705-6461
8315981171,合同会社石川銀行,兵庫県明石市大久保町7-3-4,090-9843-6241
4694190173,田中電気有限会社,北海道札幌市西区琴似2-3-5,26-4222-9758
6420846622,加藤ガス有限会社,北海道札幌市西区琴似2-3-5,090-6147-6834
8770294741,池田鉱業有限会社,北海道札幌市西区琴似2-3-5,090-3617-0617
9629050953,有限会社吉田通信,北海道札幌市西区琴似2-3-5,39-1741-0119
627442454,藤田農林合同会社,千葉県習志野市津田沼1-7-3,79-5410-7272
1606152369,中川印刷株式会社,千葉県習志野市津田沼1-7-3,080-9657-7242
5141226746,鈴木運輸有限会社,千葉県習志野市津田沼1-7-3,070-3686-0506
6054856909,株式会社井上建設,千葉県習志野市津田沼1-7-3,070-9918-4311
7039917766,斎藤通信株式会社,千葉県習志野市津田沼1-7-3,080-3603-7681
2566125120,合同会社佐々木水産,和歌山県和歌山市本町2-3-4,39-8554-7435
4758659815,鈴木農林有限会社,和歌山県和歌山市本町2-3-4,080-5447-2419
5884882440,合同会社渡辺運輸,和歌山県和歌山市本町2-3-4,080-2749-5450
9567094448,有限会社長谷川電気,和歌山県和歌山市本町2-3-4,98-3052-1690
707196784,福田建設有限会社,大阪府大阪市北区梅田2-4-9,04-3260-9310
1638728074,有限会社中村電気,大阪府大阪市北区梅田2-4-9,98-8649-7677
2878719791,有限会社中島鉱業,大阪府大阪市北区梅田2-4-9,090-3582-1072
5922713963,有限会社近藤鉱業,大阪府大阪市北区梅田2-4-9,080-6164-1700
9779501612,株式会社井上通信,大阪府大阪市北区梅田2-4-9,080-6004-1257
1067970820,合同会社山田電気,岡山県岡山市北区本町2-4-5,080-2870-5622
1082326234,山本情報合同会社,岡山県岡山市北区本町2-4-5,080-1060-0531
1554145481,近藤建設有限会社,岡山県岡山市北区本町2-4-5,090-5680-4473
4937271321,株式会社吉田鉱業,岡山県岡山市北区本町2-4-5,32-1061-3394
5618965944,前田農林株式会社,岡山県岡山市北区本町2-4-5,090-6335-1571
4111301175,株式会社太田運輸,広島県広島市東区尾長3-6-3,24-0964-9668
4908596099,株式会社中島情報,広島県広島市東区尾長3-6-3,090-8174-5273
5790024996,伊藤建設有限会社,広島県広島市東区尾長3-6-3,070-9225-7090
6127904756,小林鉱業合同会社,広島県広島市東区尾長3-6-3,070-6679-9840
6666022005,松本水産合同会社,広島県広島市東区尾長3-6-3,080-1980-7468
2106408413,株式会社伊藤建設,広島県広島市西区草津2-3-6,080-1122-1215
3545940090,合同会社前田保険,広島県広島市西区草津2-3-6,95-4500-9025
5385791669,森保険有限会社,広島県広島市西区草津2-3-6,080-2224-0053
6514017540,松田建設合同会社,広島県広島市西区草津2-3-6,070-8638-5588
374938761,山田情報合同会社,愛知県名古屋市中区栄3-9-5,38-6396-0962
439427140,木村通信合同会社,愛知県名古屋市中区栄3-9-5,090-8155-4203
5083042422,伊藤農林有限会社,愛知県名古屋市中区栄3-9-5,070-7852-2115
6824150224,有限会社遠藤銀行,愛知県名古屋市中区栄3-9-5,070-1533-7435
7389750357,山本情報合同会社,愛知県名古屋市中区栄3-9-5,090-1659-1520
223565082,藤原水産株式会社,東京都千代田区丸の内1-9-1,080-5294-9307
3904100195,株式会社藤原農林,東京都千代田区丸の内1-9-1,090-9443-4852
6887950851,合同会社山田農林,東京都千代田区丸の内1-9-1,070-9226-8592
3431078106,伊藤建設合同会社,東京都品川区東五反田2-9-7,070-7055-4943
4728897164,中村鉱業合同会社,東京都品川区東五反田2-9-7,37-1470-8272
4762636174,株式会社森通信,東京都品川区東五反田2-9-7,090-9980-1376
4781753301,佐々木通信株式会社,東京都品川区東五反田2-9-7,070-3408-4872
6499349987,木村情報有限会社,東京都品川区東五反田2-9-7,080-3282-9302
2753020051,株式会社阿部銀行,東京都目黒区自由が丘1-9-9,080-2777-0793
9030082865,合同会社山崎電気,東京都目黒区自由が丘1-9-9,98-6091-9191
9626550928,佐々木保険株式会社,東京都目黒区自由が丘1-9-9,58-1739-0637
9961388686,有限会社山口建設,東京都目黒区自由が丘1-9-9,080-7629-7454
6038046278,佐々木ガス合同会社,神奈川県小田原市栄町2-3-6,03-2484-1376
6338134731,吉田通信合同会社,神奈川県小田原市栄町2-3-6,070-9588-3734
8165632300,株式会社吉田印刷,神奈川県小田原市栄町2-3-6,070-6736-8205
8675524665,佐藤通信株式会社,神奈川県小田原市栄町2-3-6,090-1680-0610
8941564880,松本印刷株式会社,神奈川県小田原市栄町2-3-6,04-3598-3985
28230917,清水情報株式会社,神奈川県横須賀市本町2-9-1,090-0228-9466
8618271425,有限会社高橋農林,神奈川県横須賀市本町2-9-1,72-2005-4364
9874792298,池田ガス有限会社,神奈川県横須賀市本町2-9-1,090-0471-5802
626785308,有限会社渡辺食品,福岡県久留米市六ツ門2-3-7,070-8953-2638
2090237817,有限会社伊藤水産,福岡県久留米市六ツ門2-3-7,080-8988-8167
6991986741,前田保険合同会社,福岡県久留米市六ツ門2-3-7,090-5289-9316
7109891300,渡辺電気有限会社,福岡県久留米市六ツ門2-3-7,69-5236-6878
9444453176,有限会社中村運輸,福岡県久留米市六ツ門2-3-7,090-4189-9740
4425044246,山崎食品有限会社,福岡県福岡市南区大橋2-4-5,090-9229-1270
4862714930,有限会社木村水産,福岡県福岡市南区大橋2-4-5,080-0430-9776
6792729530,井上印刷有限会社,福岡県福岡市南区大橋2-4-5,080-6670-4171
7489005480,合同会社遠藤ガス,福岡県福岡市南区大橋2-4-5,080-4876-2303
1232285036,後藤通信合同会社,福岡県福岡市東区香椎1-7-2,080-8911-9083
1816937739,山崎銀行合同会社,福岡県福岡市東区香椎1-7-2,52-5680-6562
2237361243,佐々木食品株式会社,福岡県福岡市東区香椎1-7-2,070-3399-3788
6561728644,有限会社伊藤農林,福岡県福岡市東区香椎1-7-2,090-5218-2307
1911547690,合同会社中村農林,福岡県福岡市西区姪浜4-3-2,090-7602-4375
5386271785,山田電気株式会社,福岡県福岡市西区姪浜4-3-2,080-0746-4520
8284507318,加藤銀行株式会社,福岡県福岡市西区姪浜4-3-2,15-9103-0021
8532273208,橋本情報合同会社,福岡県福岡市西区姪浜4-3-2,090-7323-6533
1027708670,合同会社青木建設,鹿児島県鹿児島市中央1-2-4,05-1958-2632
2591164476,有限会社高橋銀行,鹿児島県鹿児島市中央1-2-4,15-3966-9583
4406999328,合同会社後藤鉱業,鹿児島県鹿児島市中央1-2-4,090-1786-3767
4609120848,有限会社鈴木銀行,鹿児島県鹿児島市中央1-2-4,15-7724-5992
8648665968,鈴木農林有限会社,鹿児島県鹿児島市中央1-2-4,090-7232-2903
657978181,松田保険合同会社,兵庫県姫路市西二階町2-7-10,070-2440-2936
3709911999,株式会社太田保険,兵庫県姫路市西二階町2-7-10,080-6642-1476
7261111839,山田水産株式会社,兵庫県姫路市西二階町2-7-10,070-2308-3402
8894928830,有限会社福田鉱業,兵庫県姫路市西二階町2-7-10,070-0346-9967
9610399385,池田水産有限会社,兵庫県姫路市西二階町2-7-10,070-4806-7571
116402431,高橋ガス株式会社,大阪府大阪市旭区高殿3-10-5,41-9785-7585
2918046336,株式会社近藤運輸,大阪府大阪市旭区高殿3-10-5,080-0615-3701
3651178503,伊藤電気株式会社,大阪府大阪市旭区高殿3-10-5,070-5353-4660
4555672620,長谷川保険合同会社,大阪府大阪市旭区高殿3-10-5,090-9796-9586
6871737874,山下農林株式会社,大阪府大阪市旭区高殿3-10-5,090-0492-2170
691293717,合同会社村上建設,大阪府大阪市西区九条1-13-2,76-2592-3868
1175945569,株式会社高橋水産,大阪府大阪市西区九条1-13-2,080-3946-1212
1745958114,藤原建設有限会社,大阪府大阪市西区九条1-13-2,080-5241-0397
2358880404,吉田銀行有限会社,大阪府大阪市西区九条1-13-2,070-8325-8238
9691353069,田中情報有限会社,大阪府大阪市西区九条1-13-2,090-0369-4811
885113834,合同会社佐藤通信,愛知県名古屋市東区泉1-11-6,070-1938-9990
2738056872,合同会社田中食品,愛知県名古屋市東区泉1-11-6,16-9385-9777
2951331472,有限会社鈴木水産,愛知県名古屋市東区泉1-11-6,080-2419-7687
9887831495,鈴木水産株式会社,愛知県名古屋市東区泉1-11-6,070-2455-9851
2099500153,岡田ガス株式会社,東京都世田谷区太子堂4-28-6,070-1537-3586
3325878813,藤原印刷合同会社,東京都世田谷区太子堂4-28-6,080-8787-5357
7298348088,合同会社加藤水産,東京都世田谷区太子堂4-28-6,090-9129-7519
8729229346,中村農林株式会社,東京都世田谷区太子堂4-28-6,080-0617-8932
9098159015,有限会社岡田銀行,東京都世田谷区太子堂4-28-6,22-1224-2767
2685741915,渡辺銀行合同会社,東京都杉並区阿佐谷南1-19-3,090-2817-9340
3090596936,斎藤保険合同会社,東京都杉並区阿佐谷南1-19-3,080-6192-3724
7287542751,鈴木水産合同会社,東京都杉並区阿佐谷南1-19-3,080-4595-7640
542934161,株式会社佐藤印刷,東京都江戸川区西葛西6-13-5,080-5640-7830
2376077463,渡辺建設合同会社,東京都江戸川区西葛西6-13-5,070-0157-6764
2828935922,後藤農林有限会社,東京都江戸川区西葛西6-13-5,090-4946-6720
3349011298,合同会社吉田電気,東京都江戸川区西葛西6-13-5,080-1837-4550
3750707607,鈴木運輸株式会社,東京都江戸川区西葛西6-13-5,070-2916-1746
5144594354,合同会社伊藤鉱業,東京都板橋区大山金井町3-14,070-3858-5424
5649840375,株式会社田中ガス,東京都板橋区大山金井町3-14,70-5514-3776
986399651,中村食品株式会社,神奈川県茅ヶ崎市新栄町13-2,090-8264-1869
4397989823,合同会社近藤保険,神奈川県茅ヶ崎市新栄町13-2,080-5373-3777
4501759051,石川鉱業有限会社,神奈川県茅ヶ崎市新栄町13-2,070-9788-7543
7234304760,合同会社鈴木ガス,神奈川県茅ヶ崎市新栄町13-2,35-3524-7841
9055277559,有限会社佐藤情報,神奈川県茅ヶ崎市新栄町13-2,080-1410-7071
383484123,田中電気合同会社,京都府京都市伏見区深草2-9-7,77-4620-2582
1320763135,株式会社斉藤農林,京都府京都市伏見区深草2-9-7,090-9047-1281
3158643786,田中建設株式会社,京都府京都市伏見区深草2-9-7,090-7039-6531
8984030846,有限会社吉田印刷,京都府京都市伏見区深草2-9-7,070-8027-1122
3895849088,株式会社中村印刷,京都府京都市右京区太秦1-3-8,080-7599-8056
6278136169,株式会社小林食品,京都府京都市右京区太秦1-3-8,070-8696-6101
8370133032,近藤電気有限会社,京都府京都市右京区太秦1-3-8,070-6232-7237
9700835825,合同会社青木運輸,京都府京都市右京区太秦1-3-8,090-2643-3502
134319747,有限会社田中水産,京都府京都市左京区吉田2-8-4,080-6050-8018
6637761996,鈴木印刷合同会社,京都府京都市左京区吉田2-8-4,04-7266-0235
6756133581,有限会社山田農林,京都府京都市左京区吉田2-8-4,090-0812-4739
9744065954,小林農林合同会社,京都府京都市左京区吉田2-8-4,83-6091-4985
205082311,山崎通信有限会社,京都府京都市西京区山田1-3-5,070-6722-1045
2863432302,株式会社山崎印刷,京都府京都市西京区山田1-3-5,090-9478-7300
3172006012,株式会社佐藤鉱業,京都府京都市西京区山田1-3-5,070-3062-1136
5679017210,吉田建設合同会社,京都府京都市西京区山田1-3-5,070-3146-7536
9333972392,有限会社山本鉱業,京都府京都市西京区山田1-3-5,090-4033-6999
3418680334,株式会社福田水産,北海道札幌市南区真駒内2-3-5,080-6321-2347
6415801613,合同会社佐藤電気,北海道札幌市南区真駒内2-3-5,080-5247-8712
7001729836,山本電気合同会社,北海道札幌市南区真駒内2-3-5,070-5867-3425
7907752604,合同会社伊藤通信,北海道札幌市南区真駒内2-3-5,090-2717-2722
8856264217,斉藤水産合同会社,北海道札幌市南区真駒内2-3-5,080-7379-2749
139082827,西村通信株式会社,北海道札幌市白石区本通2-4-6,070-7019-5866
368287033,斎藤ガス有限会社,北海道札幌市白石区本通2-4-6,090-2778-9561
862407093,松本食品株式会社,北海道札幌市白石区本通2-4-6,090-7606-3494
4431267548,田中鉱業合同会社,北海道札幌市白石区本通2-4-6,080-7206-3459
9491213578,合同会社佐藤通信,北海道札幌市白石区本通2-4-6,080-2190-5334
684598046,藤井ガス合同会社,北海道札幌市豊平区平岸1-3-2,35-0200-0534
3399321649,有限会社伊藤情報,北海道札幌市豊平区平岸1-3-2,070-1571-6479
7584566722,合同会社鈴木保険,北海道札幌市豊平区平岸1-3-2,090-4818-6746
9425027564,佐々木建設株式会社,北海道札幌市豊平区平岸1-3-2,080-0591-2662
2515167269,有限会社西村農林,千葉県千葉市中央区中央2-3-4,06-6703-3626
2821500440,合同会社小林運輸,千葉県千葉市中央区中央2-3-4,93-1102-9181
4083595988,木村保険株式会社,千葉県千葉市中央区中央2-3-4,070-1676-7187
5170675398,遠藤銀行合同会社,千葉県千葉市中央区中央2-3-4,070-9251-1426
8379439373,合同会社小林銀行,千葉県千葉市中央区中央2-3-4,070-2395-9781
564409423,中村電気株式会社,大阪府大阪市中央区難波5-1-7,090-1066-3436
4573821760,高橋銀行有限会社,大阪府大阪市中央区難波5-1-7,090-3814-4744
5920114673,高橋銀行株式会社,大阪府大阪市中央区難波5-1-7,090-0039-1019
8863781331,株式会社岡本ガス,大阪府大阪市中央区難波5-1-7,070-5525-7828
9363189942,斎藤通信合同会社,大阪府大阪市中央区難波5-1-7,91-2868-5787
4200656353,林通信有限会社,大阪府大阪市住吉区長居4-8-6,080-5449-2683
4654961069,渡辺水産合同会社,大阪府大阪市住吉区長居4-8-6,070-7139-8482
6769342363,伊藤鉱業合同会社,大阪府大阪市住吉区長居4-8-6,070-3592-6648
8381721143,合同会社小林ガス,大阪府大阪市住吉区長居4-8-6,29-4763-8083
141312095,佐藤建設合同会社,大阪府大阪市港区八幡屋3-5-6,070-1225-2883
3594787485,株式会社山田印刷,大阪府大阪市港区八幡屋3-5-6,070-4615-4021
5004182187,藤原情報合同会社,大阪府大阪市港区八幡屋3-5-6,080-2723-8656
5474936701,合同会社渡辺建設,大阪府大阪市港区八幡屋3-5-6,080-8480-7520
8803662851,有限会社吉田電気,大阪府大阪市港区八幡屋3-5-6,090-5005-3424
2469178881,有限会社山崎ガス,宮城県仙台市太白区長町2-5-6,080-6005-5955
4115980792,山下保険有限会社,宮城県仙台市太白区長町2-5-6,090-2070-2042
4952059278,合同会社松本運輸,宮城県仙台市太白区長町2-5-6,14-3788-4437
9505000768,有限会社清水ガス,宮城県仙台市太白区長町2-5-6,090-7262-9052
3104309491,合同会社山口水産,宮城県仙台市泉区泉中央2-4-5,090-1866-9408
3275930923,有限会社阿部鉱業,宮城県仙台市泉区泉中央2-4-5,090-9928-5535
4373945362,有限会社田中食品,宮城県仙台市泉区泉中央2-4-5,090-3677-3498
5952291828,佐藤情報有限会社,宮城県仙台市泉区泉中央2-4-5,090-9465-2170
6656585531,株式会社松田電気,宮城県仙台市泉区泉中央2-4-5,070-3628-9177
688669716,有限会社山本食品,宮城県仙台市若林区新寺3-6-4,090-7692-7789
4474951950,山口情報有限会社,宮城県仙台市若林区新寺3-6-4,070-1483-7537
4704029171,有限会社中村運輸,宮城県仙台市若林区新寺3-6-4,73-3294-5625
5322520473,鈴木食品株式会社,宮城県仙台市若林区新寺3-6-4,080-2007-4859
7254773516,高橋鉱業株式会社,宮城県仙台市若林区新寺3-6-4,090-9961-0023
3067961943,株式会社伊藤ガス,宮城県仙台市青葉区中央2-9-5,080-8105-9551
3125758723,太田銀行合同会社,宮城県仙台市青葉区中央2-9-5,15-0968-8327
6258731893,株式会社山田通信,宮城県仙台市青葉区中央2-9-5,070-9623-4199
7013262671,有限会社小林保険,宮城県仙台市青葉区中央2-9-5,090-4589-7148
7218541928,加藤鉱業株式会社,宮城県仙台市青葉区中央2-9-5,080-3329-9865
3898351305,佐藤保険合同会社,広島県広島市中区紙屋町4-3-3,02-9271-2053
4849159641,株式会社山口食品,広島県広島市中区紙屋町4-3-3,070-0972-0217
5447717367,株式会社渡辺ガス,広島県広島市中区紙屋町4-3-3,090-8796-4347
5944371787,山本鉱業株式会社,広島県広島市中区紙屋町4-3-3,64-5793-8970
8644783539,株式会社小林水産,広島県広島市中区紙屋町4-3-3,070-1856-9454
1503068227,合同会社佐藤水産,広島県広島市安佐南区伴2-3-4,080-9749-0961
1687477596,長谷川建設合同会社,広島県広島市安佐南区伴2-3-4,080-1102-2580
1960730480,田中銀行株式会社,広島県広島市安佐南区伴2-3-4,070-8761-2385
3277422858,合同会社小林印刷,広島県広島市安佐南区伴2-3-4,070-0798-3342
6692167252,合同会社木村運輸,広島県広島市安佐南区伴2-3-4,090-6287-9232
1079770569,合同会社田中農林,愛知県名古屋市北区清水2-3-5,090-7988-7749
4874232824,有限会社加藤通信,愛知県名古屋市北区清水2-3-5,080-1096-2272
6079234115,鈴木情報合同会社,愛知県名古屋市北区清水2-3-5,080-2489-0567
6183058541,山田印刷合同会社,愛知県名古屋市北区清水2-3-5,070-4590-1107
2746317213,合同会社渡辺建設,愛知県名古屋市南区豊田2-7-8,69-1836-2644
8116428507,株式会社鈴木建設,愛知県名古屋市南区豊田2-7-8,070-7812-9457
9472201174,加藤農林株式会社,愛知県名古屋市南区豊田2-7-8,070-1278-9695
607196157,株式会社木村電気,愛知県名古屋市港区港明1-2-4,080-7513-7651
3027526473,山本印刷合同会社,愛知県名古屋市港区港明1-2-4,070-6860-1347
4562470175,株式会社山本印刷,愛知県名古屋市港区港明1-2-4,090-9782-6612
4973777930,合同会社松本銀行,愛知県名古屋市港区港明1-2-4,070-4421-0175
2095318649,合同会社井上水産,新潟県新潟市中央区万代2-5-3,52-3343-8364
4819946657,遠藤保険有限会社,新潟県新潟市中央区万代2-5-3,070-9279-1456
8065491438,小林ガス合同会社,新潟県新潟市中央区万代2-5-3,090-7113-6337
8404002665,池田電気合同会社,新潟県新潟市中央区万代2-5-3,070-8911-7972
9246383071,合同会社吉田農林,新潟県新潟市中央区万代2-5-3,42-0456-5775
3436425084,有限会社池田情報,福岡県福岡市中央区天神2-8-4,55-5535-6690
4985704790,池田食品合同会社,福岡県福岡市中央区天神2-8-4,66-7252-1452
6641192909,斎藤建設株式会社,福岡県福岡市中央区天神2-8-4,090-0960-0356
8141445255,松田農林合同会社,福岡県福岡市中央区天神2-8-4,34-1085-6288
9175688487,小川情報有限会社,福岡県福岡市中央区天神2-8-4,090-4429-9067
2962958940,加藤運輸合同会社,福岡県福岡市早良区室見3-2-1,070-8652-3777
6193532615,伊藤情報株式会社,福岡県福岡市早良区室見3-2-1,23-2360-6679
7820716211,有限会社高橋建設,福岡県福岡市早良区室見3-2-1,070-5937-7756
2460489491,阿部銀行株式会社,静岡県静岡市葵区呉服町2-5-1,70-1773-7594
3747699292,高橋食品株式会社,静岡県静岡市葵区呉服町2-5-1,070-5692-2094
4079161918,井上水産株式会社,静岡県静岡市葵区呉服町2-5-1,080-5863-1441
4293274004,株式会社伊藤建設,静岡県静岡市葵区呉服町2-5-1,090-0192-9275
7565466251,株式会社渡辺建設,静岡県静岡市葵区呉服町2-5-1,090-5992-0166
492300084,合同会社山田情報,千葉県千葉市美浜区真砂5-10-1,070-7085-1732
521521078,合同会社高橋情報,千葉県千葉市美浜区真砂5-10-1,070-9522-4265
5619138852,石井農林株式会社,千葉県千葉市美浜区真砂5-10-1,070-3495-6479
7285000265,株式会社清水通信,千葉県千葉市美浜区真砂5-10-1,080-4479-5133
9736100768,合同会社伊藤運輸,千葉県千葉市美浜区真砂5-10-1,070-2146-2961
466305100,合同会社石井情報,大阪府大阪市福島区福島5-15-2,38-8523-7748
2617377805,松田水産株式会社,大阪府大阪市福島区福島5-15-2,070-4159-1497
3247765887,山田銀行合同会社,大阪府大阪市福島区福島5-15-2,070-4181-3599
4586143660,後藤銀行株式会社,大阪府大阪市福島区福島5-15-2,080-8728-6604
6248258423,林運輸有限会社,大阪府大阪市福島区福島5-15-2,82-1539-2669
4686850445,加藤印刷合同会社,北海道札幌市北区北24条西4-2-6,070-9156-1829
6098062593,株式会社山下農林,北海道札幌市北区北24条西4-2-6,090-4654-0842
370292681,加藤銀行合同会社,北海道札幌市東区北14条東3-5-7,080-9592-7282
9837964021,西村鉱業合同会社,北海道札幌市東区北14条東3-5-7,070-6276-7293
343875431,有限会社鈴木農林,神奈川県横浜市中区山下町1-12,090-7784-8588
4262101582,加藤通信有限会社,神奈川県横浜市中区山下町1-12,070-8495-8803
4278201677,合同会社田中食品,神奈川県横浜市中区山下町1-12,70-6632-0162
5982610835,合同会社田中情報,神奈川県横浜市中区山下町1-12,070-5347-2839
8551219870,有限会社小林食品,神奈川県横浜市中区山下町1-12,080-5800-4010
2328710672,佐藤通信有限会社,京都府京都市中京区三条町4-6-2,070-1894-1843
6977267911,高橋農林有限会社,京都府京都市中京区三条町4-6-2,86-2376-0088
2208200227,高橋通信合同会社,京都府京都市東山区祇園町2-5-8,090-4268-7447
3420882289,株式会社鈴木ガス,京都府京都市東山区祇園町2-5-8,090-2824-9116
4898890707,福田水産有限会社,京都府京都市東山区祇園町2-5-8,080-0471-3727
5963052185,株式会社山本建設,京都府京都市東山区祇園町2-5-8,070-9878-0927
1536778950,合同会社鈴木保険,兵庫県神戸市灘区岩屋中町2-6-4,080-0361-4987
5563839027,株式会社村上銀行,兵庫県神戸市灘区岩屋中町2-6-4,070-1027-2405
6400268709,株式会社太田保険,兵庫県神戸市灘区岩屋中町2-6-4,080-6674-2860
9024330858,合同会社中村保険,兵庫県神戸市灘区岩屋中町2-6-4,71-3971-9126
9848027624,株式会社井上建設,兵庫県神戸市灘区岩屋中町2-6-4,69-6922-9533
1472659626,山口食品株式会社,兵庫県神戸市西区学園西町5-4-2,080-1952-5690
6340036327,井上鉱業合同会社,兵庫県神戸市西区学園西町5-4-2,070-3136-9552
7265834251,有限会社橋本保険,兵庫県神戸市西区学園西町5-4-2,090-6542-1406
415334610,岡田電気合同会社,北海道札幌市中央区大通西2-4-5,090-5319-4337
4728765136,山田印刷株式会社,北海道札幌市中央区大通西2-4-5,080-4422-5216
5590459705,株式会社中川電気,北海道札幌市中央区大通西2-4-5,080-4099-1650
5837975356,小林ガス有限会社,北海道札幌市中央区大通西2-4-5,090-8377-6749
7406648395,斎藤情報有限会社,北海道札幌市中央区大通西2-4-5,070-5952-9842
456650521,有限会社高橋銀行,千葉県千葉市稲毛区稲毛東3-6-7,77-1333-4476
2231172272,合同会社伊藤電気,千葉県千葉市稲毛区稲毛東3-6-7,090-8562-6149
2482206102,後藤運輸株式会社,千葉県千葉市稲毛区稲毛東3-6-7,090-6105-1109
7065920767,小林通信株式会社,千葉県千葉市稲毛区稲毛東3-6-7,090-9134-1038
8072992279,前田電気有限会社,千葉県千葉市稲毛区稲毛東3-6-7,95-4538-1792
2508990774,岡田電気株式会社,大阪府大阪市城東区今福西2-4-6,070-2908-4668
2768901084,藤井農林株式会社,大阪府大阪市城東区今福西2-4-6,090-9718-5948
4594799319,中村保険合同会社,大阪府大阪市城東区今福西2-4-6,52-9883-2201
5354895816,藤田通信合同会社,大阪府大阪市城東区今福西2-4-6,07-1553-4820
5674372082,株式会社阿部建設,大阪府大阪市城東区今福西2-4-6,080-6312-8196
3119491798,林情報株式会社,大阪府大阪市平野区瓜破東2-7-5,090-1305-5708
3274374218,加藤印刷有限会社,大阪府大阪市平野区瓜破東2-7-5,090-8022-0509
4862655247,株式会社小林銀行,大阪府大阪市平野区瓜破東2-7-5,54-6926-3296
8916336966,株式会社橋本食品,大阪府大阪市平野区瓜破東2-7-5,17-0630-4891
9266414469,有限会社山口農林,大阪府大阪市平野区瓜破東2-7-5,23-9453-5461
1515333350,田中運輸株式会社,大阪府大阪市東住吉区湯里2-3-1,080-5652-1568
3310547909,株式会社山口運輸,大阪府大阪市東住吉区湯里2-3-1,59-0251-7629
3464161270,株式会社佐藤ガス,大阪府大阪市東住吉区湯里2-3-1,070-7327-9805
8428056968,村上銀行有限会社,大阪府大阪市東住吉区湯里2-3-1,79-0422-7113
2962452613,吉田農林合同会社,宮城県仙台市宮城野区榴岡3-5-4,44-9369-9951
3180378138,合同会社高橋情報,宮城県仙台市宮城野区榴岡3-5-4,080-4112-4127
4881763070,合同会社山田ガス,宮城県仙台市宮城野区榴岡3-5-4,070-0308-3566
5796738787,株式会社佐藤建設,宮城県仙台市宮城野区榴岡3-5-4,090-9215-1826
7663811838,有限会社森通信,宮城県仙台市宮城野区榴岡3-5-4,49-8931-9508
3693510920,株式会社高橋農林,広島県広島市安佐北区可部2-5-2,070-8949-0580
6517011632,合同会社山崎鉱業,広島県広島市安佐北区可部2-5-2,080-3335-3849
6709942406,森情報有限会社,広島県広島市安佐北区可部2-5-2,070-4466-5895
9749929638,山田銀行合同会社,広島県広島市安佐北区可部2-5-2,080-7933-7563
2297681898,株式会社渡辺鉱業,愛知県名古屋市中川区中郷3-5-7,48-8499-7957
2597009738,佐藤ガス有限会社,愛知県名古屋市中川区中郷3-5-7,090-0516-6545
6482848011,福田農林有限会社,愛知県名古屋市中川区中郷3-5-7,090-9451-4754
7118083267,佐藤通信株式会社,愛知県名古屋市中川区中郷3-5-7,74-0378-4233
408988968,西村食品合同会社,愛知県名古屋市千種区今池2-6-7,34-4930-5378
3096686730,田中運輸有限会社,愛知県名古屋市千種区今池2-6-7,070-7650-2412
3734111722,有限会社山本印刷,愛知県名古屋市千種区今池2-6-7,39-6102-9087
4570828113,中村ガス有限会社,愛知県名古屋市千種区今池2-6-7,070-2762-1267
8115282784,坂本電気有限会社,愛知県名古屋市千種区今池2-6-7,070-6453-1579
484664056,斎藤水産株式会社,愛知県名古屋市天白区植田3-6-8,080-1921-2493
2576180666,株式会社佐々木鉱業,愛知県名古屋市天白区植田3-6-8,080-2074-2761
2620283102,合同会社長谷川銀行,愛知県名古屋市天白区植田3-6-8,64-6491-1110
5921525436,鈴木ガス合同会社,愛知県名古屋市天白区植田3-6-8,080-2798-6239
6075798574,有限会社中村保険,愛知県名古屋市天白区植田3-6-8,070-2070-4961
1115406331,伊藤ガス合同会社,愛知県名古屋市守山区守山1-9-2,83-0999-7419
4144289583,合同会社伊藤建設,愛知県名古屋市守山区守山1-9-2,090-5562-8333
5392415228,鈴木ガス合同会社,愛知県名古屋市守山区守山1-9-2,24-5723-0848
7617360361,合同会社渡辺ガス,愛知県名古屋市守山区守山1-9-2,29-8579-7363
1030213097,株式会社佐藤ガス,愛知県名古屋市熱田区神宮3-4-4,080-0293-0112
1165144965,阿部水産株式会社,愛知県名古屋市熱田区神宮3-4-4,080-5544-2867
6479970041,佐藤運輸株式会社,愛知県名古屋市熱田区神宮3-4-4,080-7159-7412
8533188043,前田建設合同会社,愛知県名古屋市熱田区神宮3-4-4,090-9737-1122
1625792787,村上通信有限会社,愛知県名古屋市緑区鳴海町4-4-5,080-0394-2904
3535855298,西村電気株式会社,愛知県名古屋市緑区鳴海町4-4-5,070-4668-8658
5096334921,有限会社吉田食品,愛知県名古屋市緑区鳴海町4-4-5,090-9592-2483
7534793156,合同会社斎藤建設,愛知県名古屋市緑区鳴海町4-4-5,090-0821-5454
9078054633,有限会社山田印刷,愛知県名古屋市緑区鳴海町4-4-5,090-8739-5923
1984507492,清水鉱業合同会社,熊本県熊本市中央区水道町2-4-6,070-8470-6810
5380470008,株式会社橋本運輸,熊本県熊本市中央区水道町2-4-6,30-8069-5814
6006365648,遠藤保険有限会社,熊本県熊本市中央区水道町2-4-6,080-0284-5765
8523104008,藤田保険有限会社,熊本県熊本市中央区水道町2-4-6,080-7603-7548
9758741763,田中水産株式会社,熊本県熊本市中央区水道町2-4-6,090-6277-9630
3302332663,山口食品合同会社,神奈川県川崎市多摩区登戸1-9-3,090-4113-4078
3856070374,伊藤電気有限会社,神奈川県川崎市多摩区登戸1-9-3,080-9831-6873
5564731230,斎藤電気株式会社,神奈川県川崎市多摩区登戸1-9-3,090-5240-3211
7886846400,松本銀行合同会社,神奈川県川崎市多摩区登戸1-9-3,070-5739-7691
8506916058,株式会社加藤水産,神奈川県川崎市多摩区登戸1-9-3,080-9737-4896
3060031897,株式会社西村食品,神奈川県川崎市幸区南幸町2-5-3,080-1730-6629
6581349462,佐々木水産有限会社,神奈川県川崎市幸区南幸町2-5-3,080-2104-0164
7923555411,鈴木ガス株式会社,神奈川県川崎市幸区南幸町2-5-3,090-8750-6633
8196564761,株式会社佐藤保険,神奈川県川崎市幸区南幸町2-5-3,24-9127-1130
8899689747,株式会社山田印刷,神奈川県川崎市幸区南幸町2-5-3,090-5451-4609
1593765711,株式会社渡辺運輸,福岡県福岡市城南区樋井川2-6-4,090-9724-6657
6615175036,株式会社阿部水産,福岡県福岡市城南区樋井川2-6-4,070-6744-7163
9101404053,有限会社後藤鉱業,福岡県福岡市城南区樋井川2-6-4,090-1884-2163
9275666116,中村鉱業株式会社,福岡県福岡市城南区樋井川2-6-4,080-6629-2508
3067919621,株式会社太田ガス,兵庫県神戸市垂水区舞子台3-12-5,070-9524-3640
6088451458,株式会社中村電気,兵庫県神戸市垂水区舞子台3-12-5,070-3684-7488
36351450,斎藤食品合同会社,大阪府大阪市住之江区御崎4-16-2,070-2867-1200
1873548915,西村印刷合同会社,大阪府大阪市住之江区御崎4-16-2,51-9712-8478
3427620889,株式会社渡辺電気,大阪府大阪市住之江区御崎4-16-2,12-6611-0627
6060638140,合同会社阿部運輸,大阪府大阪市住之江区御崎4-16-2,070-7086-7152
9018871871,岡田情報有限会社,大阪府大阪市住之江区御崎4-16-2,080-6942-8946
4151086814,藤原保険合同会社,大阪府大阪市淀川区西中島5-6-10,08-5456-6766
5528427385,渡辺通信合同会社,大阪府大阪市淀川区西中島5-6-10,090-7155-8686
8514255777,合同会社斉藤農林,大阪府大阪市淀川区西中島5-6-10,05-6730-3064
8934605686,合同会社石井農林,大阪府大阪市淀川区西中島5-6-10,090-8706-0566
467432617,有限会社石井鉱業,大阪府大阪市鶴見区放出東3-13-4,24-5618-5174
1832508021,伊藤鉱業有限会社,大阪府大阪市鶴見区放出東3-13-4,61-9639-9076
4134302513,有限会社吉田食品,大阪府大阪市鶴見区放出東3-13-4,080-4792-5422
5733962236,岡本情報合同会社,大阪府大阪市鶴見区放出東3-13-4,080-9469-4346
6750819485,有限会社佐藤銀行,大阪府大阪市鶴見区放出東3-13-4,19-7889-7782
1155671697,有限会社石川建設,神奈川県横浜市緑区中山町2-6-10,90-5528-1832
1721355673,合同会社山崎水産,神奈川県横浜市緑区中山町2-6-10,60-0128-3827
2044426338,合同会社田中ガス,神奈川県横浜市緑区中山町2-6-10,080-6344-4359
3944899549,佐々木農林有限会社,神奈川県横浜市緑区中山町2-6-10,090-1213-7565
7841851495,石川通信合同会社,神奈川県横浜市緑区中山町2-6-10,61-1249-1256
106996713,林銀行株式会社,京都府京都市上京区今出川町2-6-4,080-6084-6397
1685767569,高橋情報合同会社,京都府京都市上京区今出川町2-6-4,080-2811-6599
3252504650,合同会社石井電気,京都府京都市上京区今出川町2-6-4,14-6273-0147
4616352188,中村銀行有限会社,京都府京都市上京区今出川町2-6-4,090-0970-5277
9660016044,有限会社後藤印刷,京都府京都市上京区今出川町2-6-4,090-3626-2044
2396953414,有限会社加藤ガス,兵庫県神戸市中央区東川崎町1-5-7,080-8318-4919
2480920839,合同会社佐々木情報,兵庫県神戸市中央区東川崎町1-5-7,080-1581-8970
2674551397,小林ガス株式会社,兵庫県神戸市中央区東川崎町1-5-7,080-2184-0118
7234062195,清水建設合同会社,兵庫県神戸市中央区東川崎町1-5-7,070-7371-0094
9895996293,太田情報合同会社,兵庫県神戸市中央区東川崎町1-5-7,070-8357-0170
2019265031,有限会社長谷川水産,兵庫県神戸市東灘区御影中町4-3-2,090-3389-0623
4416031878,合同会社阿部保険,兵庫県神戸市東灘区御影中町4-3-2,47-7183-7530
5789292252,清水運輸合同会社,兵庫県神戸市東灘区御影中町4-3-2,080-9062-4672
6359403225,株式会社佐藤農林,兵庫県神戸市東灘区御影中町4-3-2,070-7545-2798
6971399399,合同会社青木情報,兵庫県神戸市東灘区御影中町4-3-2,070-1457-7584
3988535000,佐藤情報株式会社,兵庫県神戸市須磨区須磨浦通4-6-3,070-6176-8802
7506931282,山崎保険株式会社,兵庫県神戸市須磨区須磨浦通4-6-3,070-3989-0983
7663756690,合同会社佐藤ガス,兵庫県神戸市須磨区須磨浦通4-6-3,080-1928-5544
9127536899,斎藤農林合同会社,兵庫県神戸市須磨区須磨浦通4-6-3,080-8866-5268
9776499089,合同会社太田農林,兵庫県神戸市須磨区須磨浦通4-6-3,080-8296-8244
4515344181,山本保険有限会社,北海道札幌市厚別区厚別中央1-2-7,090-5909-0225
5961814514,斉藤水産合同会社,北海道札幌市厚別区厚別中央1-2-7,080-3000-0886
5963229328,株式会社伊藤印刷,北海道札幌市厚別区厚別中央1-2-7,02-5298-6707
7601409432,合同会社藤井食品,北海道札幌市厚別区厚別中央1-2-7,080-1457-4452
2719679239,有限会社中村運輸,北海道札幌市手稲区手稲本町1-9-4,070-9700-5140
7046300793,渡辺銀行合同会社,北海道札幌市手稲区手稲本町1-9-4,070-4554-7813
7664105957,佐藤電気有限会社,北海道札幌市手稲区手稲本町1-9-4,070-7429-9074
7790289305,村上農林有限会社,北海道札幌市手稲区手稲本町1-9-4,080-1053-0712
197323378,佐藤鉱業有限会社,千葉県千葉市花見川区幕張町3-9-5,080-0433-9718
813726301,合同会社清水鉱業,千葉県千葉市花見川区幕張町3-9-5,070-7223-2971
1757546829,斎藤建設株式会社,千葉県千葉市花見川区幕張町3-9-5,080-8118-0818
2598862507,太田印刷有限会社,千葉県千葉市花見川区幕張町3-9-5,81-5583-9386
3585915088,佐藤情報株式会社,千葉県千葉市花見川区幕張町3-9-5,070-8335-0902
3379795093,有限会社山田水産,埼玉県さいたま市浦和区高砂3-1-5,080-1182-3793
4933179746,中村情報合同会社,埼玉県さいたま市浦和区高砂3-1-5,090-8548-4203
6168105904,高橋銀行有限会社,埼玉県さいたま市浦和区高砂3-1-5,090-4851-0174
7769111397,株式会社太田水産,埼玉県さいたま市浦和区高砂3-1-5,090-1017-3973
818520766,合同会社石川建設,大阪府大阪市大正区三軒家西1-4-2,090-2376-7694
6587552692,佐々木建設株式会社,大阪府大阪市大正区三軒家西1-4-2,090-5206-5063
7695129534,合同会社橋本銀行,大阪府大阪市大正区三軒家西1-4-2,090-6574-4653
8780187424,藤原印刷有限会社,大阪府大阪市大正区三軒家西1-4-2,070-1193-9103
9151800736,高橋ガス合同会社,大阪府大阪市大正区三軒家西1-4-2,070-3619-2025
1452066459,合同会社伊藤農林,大阪府大阪市此花区春日出北2-8-4,080-0173-1671
1915999663,林印刷有限会社,大阪府大阪市此花区春日出北2-8-4,29-9123-4785
7160279830,株式会社加藤通信,大阪府大阪市此花区春日出北2-8-4,080-2234-2321
8926778957,佐藤電気株式会社,大阪府大阪市此花区春日出北2-8-4,080-2152-8506
9106911977,山本水産株式会社,大阪府大阪市此花区春日出北2-8-4,16-8249-7939
1802141793,高橋通信合同会社,大阪府大阪市阿倍野区文の里2-5-1,070-7726-2570
4322385617,合同会社伊藤銀行,大阪府大阪市阿倍野区文の里2-5-1,98-4870-4506
8259157845,株式会社村上農林,大阪府大阪市阿倍野区文の里2-5-1,53-3126-6109
8288057824,有限会社田中情報,大阪府大阪市阿倍野区文の里2-5-1,08-2896-7136
676168421,株式会社鈴木農林,愛知県名古屋市名東区藤が丘3-2-1,080-0046-1526
2397657114,鈴木鉱業合同会社,愛知県名古屋市名東区藤が丘3-2-1,070-3624-8355
2648572296,鈴木食品株式会社,愛知県名古屋市名東区藤が丘3-2-1,090-4738-2023
5525576685,株式会社山崎印刷,愛知県名古屋市名東区藤が丘3-2-1,090-8900-8248
9769648999,有限会社山口食品,愛知県名古屋市名東区藤が丘3-2-1,080-3567-7826
5358107532,有限会社渡辺農林,愛知県名古屋市昭和区御器所1-2-3,080-6438-5009
6852415525,斎藤銀行合同会社,愛知県名古屋市昭和区御器所1-2-3,090-7528-3599
7281641403,株式会社佐藤保険,愛知県名古屋市昭和区御器所1-2-3,090-4421-8299
7329902778,井上ガス株式会社,愛知県名古屋市昭和区御器所1-2-3,070-8306-7198
8107154202,佐藤食品合同会社,愛知県名古屋市昭和区御器所1-2-3,070-1779-1524
1849649210,有限会社松本建設,愛知県名古屋市瑞穂区瑞穂通1-4-8,080-0370-8782
2107125807,井上電気有限会社,愛知県名古屋市瑞穂区瑞穂通1-4-8,080-1608-2717
5768555384,有限会社吉田電気,愛知県名古屋市瑞穂区瑞穂通1-4-8,070-1534-3324
9158209647,伊藤ガス有限会社,愛知県名古屋市瑞穂区瑞穂通1-4-8,080-7490-7977
9745639755,山口保険合同会社,愛知県名古屋市瑞穂区瑞穂通1-4-8,070-4622-6817
2712815143,藤田建設株式会社,愛知県名古屋市西区上小田井2-3-1,11-2233-8655
3881257367,村上ガス株式会社,愛知県名古屋市西区上小田井2-3-1,090-5590-6700
6829772942,有限会社鈴木ガス,愛知県名古屋市西区上小田井2-3-1,090-1173-0985
9645572170,山口情報有限会社,愛知県名古屋市西区上小田井2-3-1,080-2021-2372
2479708607,株式会社阿部保険,神奈川県横浜市港北区新横浜2-8-4,080-3555-8099
4570190774,有限会社鈴木水産,神奈川県横浜市港北区新横浜2-8-4,02-4365-2405
4763350700,合同会社佐藤保険,神奈川県横浜市港北区新横浜2-8-4,070-0509-2221
9617853228,藤田電気有限会社,神奈川県横浜市港北区新横浜2-8-4,070-1317-6539
9743399578,株式会社前田運輸,神奈川県横浜市港北区新横浜2-8-4,070-6155-8108
5402580787,株式会社小林電気,神奈川県横浜市都筑区仲町台1-1-1,54-4209-4940
7848705807,加藤農林有限会社,神奈川県横浜市都筑区仲町台1-1-1,090-3864-9081
8655933303,株式会社井上銀行,神奈川県横浜市都筑区仲町台1-1-1,090-1007-9419
9191051883,田中情報合同会社,神奈川県横浜市都筑区仲町台1-1-1,65-5868-5127
1296502486,鈴木印刷有限会社,福岡県北九州市八幡西区黒崎3-5-3,39-1381-0749
1451413560,佐藤運輸合同会社,福岡県北九州市八幡西区黒崎3-5-3,080-8240-7333
4078551333,株式会社清水建設,福岡県北九州市八幡西区黒崎3-5-3,070-1604-9910
7084809436,株式会社佐藤鉱業,福岡県北九州市八幡西区黒崎3-5-3,070-2542-7820
7152161448,株式会社小川情報,福岡県北九州市八幡西区黒崎3-5-3,49-2699-9699
1825989011,合同会社山口水産,福岡県北九州市小倉北区魚町4-9-6,070-3885-6811
3386667704,伊藤運輸合同会社,福岡県北九州市小倉北区魚町4-9-6,32-5737-5534
7208643631,合同会社小林印刷,福岡県北九州市小倉北区魚町4-9-6,080-4527-9050
8550822977,合同会社吉田建設,福岡県北九州市小倉北区魚町4-9-6,080-2036-8499
2256554634,合同会社鈴木情報,福岡県福岡市博多区博多駅前4-2-3,080-3950-4102
3012917912,有限会社三浦情報,福岡県福岡市博多区博多駅前4-2-3,090-1202-7061
7996039244,株式会社加藤農林,福岡県福岡市博多区博多駅前4-2-3,090-2401-4843
2094011037,小川印刷有限会社,兵庫県神戸市北区鈴蘭台北町2-10-3,070-2102-4234
3727306207,合同会社阿部通信,兵庫県神戸市北区鈴蘭台北町2-10-3,090-7867-1815
8056616444,合同会社斎藤建設,兵庫県神戸市北区鈴蘭台北町2-10-3,080-5782-4347
8519206782,高橋水産合同会社,兵庫県神戸市北区鈴蘭台北町2-10-3,81-9523-7100
1050032570,鈴木通信合同会社,大阪府大阪市住之江区新北島1-3-11,080-9133-2528
1309186996,清水保険有限会社,大阪府大阪市住之江区新北島1-3-11,070-4193-9606
1795875043,有限会社福田銀行,大阪府大阪市住之江区新北島1-3-11,86-4622-5223
4054834021,鈴木水産合同会社,大阪府大阪市住之江区新北島1-3-11,080-9618-4462
1425399664,株式会社井上保険,大阪府大阪市天王寺区悲田院町1-1,070-0545-2280
6539399243,藤井食品合同会社,大阪府大阪市天王寺区悲田院町1-1,84-6850-9574
6573442717,株式会社森ガス,大阪府大阪市天王寺区悲田院町1-1,080-5662-1286
9725837029,前田印刷株式会社,大阪府大阪市天王寺区悲田院町1-1,080-5588-2556
267429212,小林保険合同会社,大阪府大阪市東淀川区東淡路3-6-13,070-7890-4633
4182110973,池田印刷合同会社,大阪府大阪市東淀川区東淡路3-6-13,070-9393-2501
8461708554,合同会社伊藤運輸,大阪府大阪市東淀川区東淡路3-6-13,070-2097-0026
9134915105,株式会社高橋印刷,大阪府大阪市東淀川区東淡路3-6-13,070-2990-7166
9251924386,中村運輸有限会社,大阪府大阪市東淀川区東淡路3-6-13,02-3164-3348
210104660,株式会社阿部水産,大阪府大阪市浪速区恵美須東3-5-11,87-1912-0381
255790920,合同会社橋本鉱業,大阪府大阪市浪速区恵美須東3-5-11,81-4298-3152
1206067650,株式会社高橋通信,大阪府大阪市浪速区恵美須東3-5-11,12-7662-0808
2075362821,有限会社木村通信,大阪府大阪市浪速区恵美須東3-5-11,090-6724-3807
6529817193,合同会社田中通信,大阪府大阪市浪速区恵美須東3-5-11,080-3968-5270
4492496998,有限会社小林電気,神奈川県川崎市中原区小杉町3-12-8,070-8984-7139
572827654,斎藤銀行合同会社,神奈川県川崎市川崎区駅前本町6-6,080-8348-3152
1296400037,岡本建設有限会社,神奈川県川崎市川崎区駅前本町6-6,090-8148-7696
3461558269,有限会社小林食品,神奈川県川崎市川崎区駅前本町6-6,090-4415-5967
4231112087,株式会社小川水産,神奈川県川崎市川崎区駅前本町6-6,080-4724-3586
1635231601,有限会社山本ガス,神奈川県相模原市中央区中央3-12-3,090-0835-3544
5401844042,有限会社鈴木運輸,神奈川県相模原市中央区中央3-12-3,080-1746-5353
6872090713,池田銀行株式会社,神奈川県相模原市中央区中央3-12-3,080-2863-0112
7667072205,吉田銀行合同会社,神奈川県相模原市中央区中央3-12-3,070-8213-7118
9335107226,合同会社鈴木保険,神奈川県相模原市中央区中央3-12-3,070-5668-6334
1764798660,株式会社高橋通信,京都府京都市北区紫野上柏野町1-2-3,60-9873-1267
2414532686,中島印刷株式会社,京都府京都市北区紫野上柏野町1-2-3,070-6181-2054
8369574998,阿部鉱業合同会社,京都府京都市北区紫野上柏野町1-2-3,080-7671-3771
9666368492,合同会社鈴木運輸,京都府京都市北区紫野上柏野町1-2-3,070-9664-1475
508469555,村上鉱業合同会社,埼玉県さいたま市中央区新都心3-2-1,090-8413-1284
4067245523,田中銀行合同会社,埼玉県さいたま市中央区新都心3-2-1,090-8702-0701
5696207128,渡辺農林株式会社,埼玉県さいたま市中央区新都心3-2-1,070-6759-2383
6279140605,株式会社山口通信,埼玉県さいたま市中央区新都心3-2-1,080-3899-4991
1007310926,清水建設有限会社,埼玉県さいたま市大宮区桜木町2-5-1,080-9874-1132
2028959334,株式会社藤原鉱業,埼玉県さいたま市大宮区桜木町2-5-1,080-8545-4006
5469318275,松田建設有限会社,埼玉県さいたま市大宮区桜木町2-5-1,070-9604-7220
5271763012,合同会社高橋食品,大阪府大阪市西成区天下茶屋北2-3-4,070-6526-6426
7093179263,田中通信有限会社,大阪府大阪市西成区天下茶屋北2-3-4,27-2053-6499
7240793721,有限会社藤田ガス,大阪府大阪市西成区天下茶屋北2-3-4,080-0185-9626
7418332121,株式会社松本建設,大阪府大阪市西成区天下茶屋北2-3-4,080-7567-0431
8857430687,合同会社田中印刷,大阪府大阪市西成区天下茶屋北2-3-4,18-5186-2671
2476426797,佐藤電気株式会社,神奈川県横浜市青葉区美しが丘4-3-3,090-3897-6074
5141394879,有限会社森ガス,神奈川県横浜市青葉区美しが丘4-3-3,07-1523-8676
7802681056,福田電気株式会社,神奈川県横浜市青葉区美しが丘4-3-3,81-8710-9685
8581187661,橋本水産有限会社,神奈川県横浜市青葉区美しが丘4-3-3,070-1387-5927
9443115504,有限会社村上建設,神奈川県横浜市青葉区美しが丘4-3-3,28-3143-5989
319841893,合同会社山口電気,神奈川県相模原市南区相模大野4-6-7,090-4582-9420
2964229896,株式会社中島食品,神奈川県相模原市南区相模大野4-6-7,080-1030-3243
4912019621,石川印刷有限会社,神奈川県相模原市南区相模大野4-6-7,070-1333-4437
9432174675,株式会社鈴木保険,神奈川県相模原市南区相模大野4-6-7,59-1438-8232
769945233,合同会社高橋建設,神奈川県横浜市西区みなとみらい3-5-7,090-8374-4171
913706213,伊藤農林有限会社,神奈川県横浜市西区みなとみらい3-5-7,090-5657-4902
9081930571,藤田印刷株式会社,神奈川県横浜市西区みなとみらい3-5-7,070-1754-5416
